cid,nom,prenom,adresse,email,numero,date_naiss,points
1, Carter, Chanda, "P.O. Box 687, 8758 Turpis Street", Aliquam.erat.volutpat@fermentumconvallis.co.uk, 02 92 20 26 57, 1965-11-28,49
 2, Clarke, Colby, "9305 Elit, Rd.", fermentum.convallis.ligula@fringilla.net, 08 23 06 43 07, 1972-07-06, 12
 3, Keaton, Florence, "P.O. Box 272, 3918 Montes, Avenue", interdum.libero.dui@a.co.uk, 09 02 25 48 37, 1998-08-17, 56
 4, Piper, Irene, Ap #171-4455 Ligula. Av., ultricies@Maurisquisturpis.net, 03 28 28 62 96, 1996-12-07, 58
 5, Fay, Iona, 763-3408 Sed Road, nulla@nuncinterdumfeugiat.edu, 02 09 71 74 29, 1992-06-09, 124
 6, Donna, Maia, "P.O. Box 581, 1635 Massa. Ave", Integer@convallis.com, 02 39 33 97 45, 1956-11-15, 15
 7, Karly, Kuame, Ap #348-915 Aliquam St., lacus.Quisque@dolorsit.net, 05 46 32 24 51, 1989-08-05, 117
 8, Declan, Aquila, Ap #963-5315 Risus. Ave, aliquet.odio@purusaccumsaninterdum.net, 04 81 32 45 83, 1964-03-09, 136
 9, Colette, Marah, 5158 Varius Ave, nisi.magna@portaelit.org, 01 42 44 06 66, 1996-06-19, 120
 10, Idola, Skyler, 1551 Arcu. Rd., et@mollisduiin.ca, 06 96 89 33 53, 1981-08-30, 84
 11, Tatum, Hermione, "P.O. Box 586, 2705 Tempor St.", lectus.sit@telluslorem.com, 07 42 03 93 33, 1980-01-09, 132
 12, Odessa, Odette, "P.O. Box 272, 7278 Vestibulum St.", pede@vitaealiquet.org, 08 87 85 65 62, 1972-03-08, 55
 13, Felicia, Ciara, "P.O. Box 860, 6304 Phasellus Rd.", Sed.nec@Phasellus.org, 09 64 85 48 29, 1966-11-08, 55
 14, Yvonne, Mohammad, Ap #100-7388 Eget St., rhoncus@feugiatnonlobortis.net, 09 69 31 99 40, 1970-11-05, 126
 15, Dana, Basia, "360-4983 Aliquet, St.", placerat@molestiearcu.co.uk, 09 46 07 62 65, 1993-09-10, 66
 16, Louis, Perry, Ap #738-743 Convallis Street, egestas@lacusMaurisnon.ca, 07 04 47 98 55, 1991-05-28, 80
 17, Imelda, Xandra, "P.O. Box 557, 3415 Ipsum Ave", fames.ac@congueelit.net, 06 21 92 50 46, 1956-08-24, 79
 18, Patrick, Jordan, "Ap #708-8687 Elit, Rd.", amet@ultrices.ca, 03 22 59 70 58, 1981-12-05, 82
 19, Brett, Hayden, 693 Eu St., facilisis.vitae.orci@acmattisornare.edu, 01 83 71 11 42, 1958-02-26, 26
 20, Gregory, Theodore, 8868 Id Street, Sed.nulla@risusDonecnibh.co.uk, 05 38 58 01 37, 1978-08-07, 56
 21, Nigel, Raven, 4161 Integer Road, semper@interdum.edu, 07 55 28 16 51, 1995-07-24, 86
 22, Kamal, Aimee, 843-4366 Elit. Rd., nibh.vulputate.mauris@Classaptent.co.uk, 03 38 39 46 96, 1980-10-27, 140
 23, Demetria, Rhea, "Ap #756-4415 Tellus, St.", mollis.dui.in@egestasDuisac.org, 05 35 53 14 27, 1960-09-03, 76
 24, Lester, Fiona, Ap #352-405 Ut Street, erat.Etiam@Aliquam.ca, 01 44 43 95 38, 2001-08-21, 2
 25, Griffith, Laura, 6869 Lobortis Street, mus@vel.edu, 07 55 23 30 75, 1980-11-18, 140
 26, Marsden, Dennis, 103-7802 Adipiscing St., hendrerit.consectetuer.cursus@ligulaDonecluctus.net, 07 98 25 49 36, 1961-01-17, 61
 27, Jana, Aubrey, Ap #341-9723 Arcu. St., vitae@Donecest.net, 09 62 68 00 05, 2002-05-14, 82
 28, Thor, Macey, "P.O. Box 987, 6933 Arcu. Ave", arcu@NuncmaurisMorbi.ca, 03 83 45 52 72, 1981-09-25, 56
 29, Caldwell, Erin, 7248 Sem. Av., purus.sapien@Donecfeugiat.net, 09 76 73 54 55, 1989-11-24, 59
 30, Pearl, Isaac, Ap #727-5555 Mi. Street, lectus@enim.com, 09 65 74 04 90, 1957-09-06, 39
 31, Samantha, Portia, 4098 Aliquam Av., eleifend.Cras.sed@Naminterdum.ca, 05 01 89 16 58, 1986-10-27, 98
 32, Keefe, Erasmus, 988-4869 Morbi Rd., risus.In@luctusut.org, 04 21 87 81 28, 1991-04-13, 52
 33, Katell, Thaddeus, "P.O. Box 379, 9771 Non Av.", condimentum.eget@Duisami.co.uk, 02 68 14 29 33, 1985-02-08, 64
 34, Abra, Burton, 1544 Fermentum Avenue, tellus@justoeu.com, 02 19 53 28 07, 1996-06-12, 38
 35, Rana, Leigh, Ap #957-4673 Nibh. St., eget.volutpat@Integervulputate.com, 05 54 74 16 89, 1979-11-02, 107
 36, Geoffrey, Hasad, "P.O. Box 404, 6981 Iaculis Rd.", quis@estac.co.uk, 06 77 56 31 28, 1968-11-10, 37
 37, Declan, Victor, "5170 A, Rd.", Donec.fringilla.Donec@egestashendrerit.ca, 06 18 55 88 73, 1962-07-23, 96
 38, Aquila, Idola, "P.O. Box 173, 137 Eget Rd.", dictum@diamlorem.org, 05 06 86 65 56, 1956-10-20, 113
 39, Iona, Garrison, 6991 Cras Rd., feugiat.Lorem.ipsum@odiosagittis.com, 08 43 83 46 00, 1960-09-09, 10
 40, Perry, Xantha, 3483 Morbi Rd., turpis.nec.mauris@ultrices.org, 01 10 46 77 46, 1992-02-18, 23
 41, Nadine, Regina, "Ap #516-7166 Elit, Ave", tempor.arcu.Vestibulum@malesuadafringilla.net, 07 87 20 55 27, 2002-05-12, 36
 42, Francesca, Tasha, 846-6659 Ornare Road, Cras@ametanteVivamus.co.uk, 02 69 76 67 11, 1993-08-20, 61
 43, Zelda, Grady, Ap #702-7181 Volutpat. Rd., diam@sitametmetus.ca, 08 33 95 99 65, 1964-12-14, 38
 44, Lucy, Meghan, 136-8529 Luctus Ave, et@vitae.com, 05 20 03 76 46, 1978-08-07, 86
 45, Brenna, Maile, "1600 Convallis, St.", vestibulum.neque@natoque.com, 01 61 36 35 73, 1985-12-16, 82
 46, Karly, Camille, 3674 Pharetra Ave, fermentum.risus@ac.edu, 01 88 93 41 71, 1958-11-19, 85
 47, Quinn, Jana, "183-6844 Eleifend, Av.", rhoncus.Nullam.velit@velitin.co.uk, 07 75 72 71 54, 1998-07-19, 125
 48, Damon, Rhona, Ap #136-8790 Ut Ave, dolor@maurisutmi.com, 07 91 50 93 48, 1990-04-14, 115
 49, Rafael, Carissa, 7711 Parturient Av., lobortis.quam.a@magna.ca, 07 12 18 76 52, 1965-10-11, 116
 50, Russell, Georgia, 9065 Tristique Street, amet@rutrumFuscedolor.com, 01 38 77 85 73, 1971-11-28, 133
 51, Xandra, Levi, 6504 Gravida Avenue, velit.Cras@Nuncacsem.org, 02 11 95 31 21, 1958-02-22, 39
 52, Cedric, Jonas, "P.O. Box 815, 8770 Velit. Rd.", quam@nonloremvitae.edu, 02 21 37 96 91, 1955-06-14, 49
 53, Rose, Kevin, "P.O. Box 565, 4168 Risus. Ave", tincidunt.nibh@neque.net, 07 33 10 11 16, 1994-09-27, 112
 54, Lance, Tana, "P.O. Box 683, 8364 At Avenue", tellus.faucibus@venenatislacus.org, 02 81 13 38 24, 1965-06-15, 27
 55, Randall, Reece, "P.O. Box 370, 3134 Consectetuer Rd.", pellentesque@Integer.org, 06 22 92 11 69, 2002-07-09, 7
 56, Ocean, India, "Ap #199-3670 Dui, Av.", eros.nec.tellus@placerategetvenenatis.net, 08 97 81 13 18, 1989-04-23, 34
 57, Aretha, Ingrid, 2225 Morbi Street, lacinia@musProin.ca, 03 72 17 41 38, 1985-06-12, 26
 58, Troy, Minerva, "P.O. Box 582, 3427 Sit Ave", Nullam@imperdietnec.org, 06 03 44 49 03, 1994-09-01, 108
 59, Adena, Molly, "P.O. Box 995, 5156 Lectus St.", turpis@maurisipsumporta.net, 03 71 41 91 39, 1972-12-26, 16
 60, Leroy, Nell, 4511 Magna. Rd., dolor@vitae.co.uk, 07 26 21 56 18, 2000-03-28, 147
 61, Madaline, Aspen, 705-4975 Dui Road, risus.Donec@etarcu.ca, 02 09 79 03 50, 1988-01-04, 91
 62, Mohammad, Caesar, "P.O. Box 729, 1817 Laoreet Ave", vitae@Donec.com, 02 78 64 20 44, 1962-07-12, 111
 63, Samuel, Myra, "P.O. Box 766, 1720 Ut Street", ligula.Aenean.gravida@ullamcorpereueuismod.com, 02 45 96 78 23, 1966-01-10, 11
 64, Ebony, Kennedy, 3147 Fusce Rd., malesuada.Integer@Duis.co.uk, 04 59 71 54 02, 1998-02-06, 54
 65, Helen, Omar, Ap #871-4947 Eros St., placerat.Cras@ornaretortorat.org, 07 16 35 48 81, 1977-10-22, 96
 66, Judith, Wade, 761-5462 Dui St., ut@nibhDonecest.net, 06 26 05 24 28, 1990-06-12, 88
 67, Orli, Cruz, "7274 Eu, St.", faucibus.orci@nisinibh.org, 04 37 96 84 70, 1997-07-27, 58
 68, Steven, Maia, Ap #394-8925 Erat St., faucibus.ut.nulla@facilisisSuspendisse.ca, 09 81 88 74 46, 1962-11-30, 16
 69, Edan, Neve, "6889 Elementum, Rd.", Etiam.vestibulum.massa@vestibulum.org, 07 78 74 33 22, 1957-04-01, 89
 70, September, Gil, 2834 Donec Street, sed@tellus.edu, 09 15 92 95 46, 1981-11-02, 123
 71, Adam, Simon, 5327 Nibh Street, ac.mi.eleifend@Fuscediam.co.uk, 02 68 68 57 21, 1978-06-03, 56
 72, Igor, Walker, Ap #811-8798 Sed Street, scelerisque.lorem.ipsum@risus.edu, 06 31 99 56 27, 1966-07-14, 128
 73, Zane, Edward, 8441 Metus. St., quis.pede@pharetra.net, 07 70 66 28 36, 1981-02-15, 134
 74, Kermit, Kylynn, "Ap #945-5596 Lorem, St.", nec@nonleo.com, 08 94 91 67 76, 1987-10-29, 36
 75, Lila, Britanni, Ap #386-5106 Cras Rd., nulla.vulputate.dui@egetmollis.edu, 01 21 70 60 46, 1972-04-02, 72
 76, Quinn, Piper, 928-9984 Magna. Rd., arcu.eu.odio@scelerisque.edu, 08 29 87 83 14, 1957-10-13, 145
 77, Gary, Amethyst, 5368 Auctor Ave, metus.In.nec@felis.co.uk, 08 16 85 03 86, 1979-05-06, 61
 78, Zephania, Adria, 332-7122 Est. Avenue, elit.erat@tellus.net, 02 42 43 62 89, 1965-02-15, 60
 79, Jessamine, Lawrence, "P.O. Box 542, 1216 Sed Avenue", vel.quam.dignissim@eu.ca, 02 40 37 61 73, 1965-07-14, 135
 80, Mariam, Amela, 6424 Proin Rd., dictum.ultricies@nunc.net, 03 55 28 83 78, 1956-11-20, 36
 81, Quin, William, "P.O. Box 968, 378 Blandit Street", nulla.In.tincidunt@antedictum.com, 09 07 48 77 36, 1977-11-26, 64
 82, Kerry, Dieter, 770-6846 Primis Av., egestas.ligula@penatibusetmagnis.com, 07 09 85 28 04, 1989-08-27, 122
 83, Brady, Eric, Ap #520-9083 Mauris Rd., mauris.Suspendisse@Maurisvestibulumneque.ca, 09 32 18 41 34, 1989-11-02, 68
 84, Wyatt, Erin, "P.O. Box 336, 799 Vitae, St.", orci@lorem.net, 08 81 16 31 86, 1961-09-30, 141
 85, Gil, Priscilla, 4374 Sed St., ut.erat@arcu.edu, 07 50 94 81 93, 1962-01-15, 25
 86, Adele, Alika, "P.O. Box 965, 7464 Hymenaeos. Ave", neque.sed.dictum@metusAeneansed.ca, 08 09 71 62 33, 2001-04-14, 79
 87, Beck, Damon, 7204 Tincidunt St., massa@acfacilisis.com, 09 96 67 07 34, 1967-09-15, 55
 88, Mark, Wesley, 380-4994 Velit Road, ornare@id.co.uk, 01 57 46 47 11, 1981-02-03, 76
 89, Violet, Laith, "P.O. Box 176, 2481 Sagittis Ave", ut.nulla.Cras@commodo.com, 05 04 34 79 03, 1976-12-13, 128
 90, Naida, Brynn, Ap #173-1248 Libero Avenue, nisi.dictum@consectetuereuismodest.co.uk, 07 58 01 62 51, 1957-02-25, 144
 91, Heidi, Eve, "P.O. Box 397, 7253 Imperdiet Street", tempor.augue.ac@sollicitudinorcisem.co.uk, 06 21 38 64 70, 1987-12-04, 99
 92, Eric, Buckminster, "Ap #719-4979 Ornare, Av.", Vestibulum.ante.ipsum@Sedid.com, 08 80 13 65 70, 1987-09-12, 134
 93, Timothy, Phyllis, Ap #971-9121 Tincidunt Rd., enim.non.nisi@Donecfelis.ca, 01 72 27 36 03, 1978-05-24, 111
 94, Kylan, Tobias, Ap #978-3050 Libero Street, venenatis.vel@tempusloremfringilla.org, 07 49 86 51 80, 1958-11-12, 90
 95, Caleb, Yoko, Ap #535-7735 Id St., libero.Proin.mi@Morbivehicula.org, 09 59 81 48 38, 1994-12-19, 121
 96, Yetta, Kerry, "P.O. Box 236, 2267 Et, Street", egestas.lacinia.Sed@arcuVestibulum.ca, 08 69 22 83 34, 1984-11-08, 101
 97, April, Karly, "133-9904 A, St.", iaculis@tellus.com, 07 32 58 06 43, 1988-10-30, 41
 98, Quinn, Jaquelyn, 570-6097 Natoque Rd., magna.Suspendisse@Etiamvestibulummassa.net, 06 95 78 05 14, 2002-12-26, 99
 99, Alice, Kirestin, 233-4937 Mauris Street, magna@inaliquet.ca, 08 85 36 63 03, 1960-10-25, 116
 100, Kennan, Allen, Ap #271-7530 Euismod Avenue, rutrum.justo.Praesent@in.org, 04 90 71 48 15, 1960-03-29, 120
 101,Plato,William,"P.O. Box 417, 2401 Amet Rd.",Nulla.facilisis.Suspendisse@diamProindolor.edu,07 38 12 49 45,1982-07-14,83
 102,Merritt,Evelyn,411 Rhoncus. St.,vitae@quisaccumsan.ca,06 97 14 90 25,1960-01-02,51
 103,Emmanuel,Branden,"P.O. Box 946, 223 Sit Street",vitae.dolor.Donec@atsemmolestie.org,07 39 30 99 66,1960-11-18,137
 104,Raymond,Cole,4997 Tincidunt Rd.,taciti.sociosqu.ad@odiotristique.co.uk,02 63 42 65 35,1975-11-08,29
 105,Laurel,Abel,"P.O. Box 592, 9198 Parturient St.",ut@non.edu,06 89 70 38 46,1971-09-02,63
 106,Berk,Nathaniel,418-7545 Maecenas Rd.,mauris.elit.dictum@adipiscingligulaAenean.org,09 15 76 87 41,1991-02-20,150
 107,Oren,Xavier,"P.O. Box 388, 5734 Montes, St.",pede.sagittis@nostra.co.uk,08 85 14 18 45,1973-03-14,125
 108,Francis,Kenyon,Ap #501-2788 Sit Road,senectus.et.netus@nibh.ca,07 68 87 66 21,1972-10-30,130
 109,Odysseus,Dana,Ap #574-9889 Mauris Ave,viverra.Maecenas@sollicitudinadipiscing.edu,08 26 99 70 52,1966-07-30,88
 110,Walker,Gillian,509-1222 Suspendisse Road,dapibus@tellus.com,05 43 09 75 53,1970-12-27,116
 111,Avram,Amanda,"651-253 Est, Ave",cursus@mauris.edu,02 52 68 29 99,2001-05-02,25
 112,Gabriel,Haley,"P.O. Box 430, 6244 Libero Rd.",Nullam.lobortis.quam@Fuscefermentum.com,07 04 00 65 59,1974-04-16,30
 113,Maya,Amos,885-4174 Mollis Street,Aliquam@orciconsectetuereuismod.ca,04 94 73 44 59,1982-01-04,124
 114,Yen,Karyn,"P.O. Box 298, 4058 Nunc Ave",dictum.eu.eleifend@etnunc.com,06 37 78 00 64,1958-03-07,67
 115,Carson,Liberty,"965-7707 Rutrum, Road",accumsan.neque.et@faucibus.co.uk,01 34 74 58 21,1974-12-24,9
 116,Brady,Paul,"P.O. Box 711, 3305 Quam St.",lectus.quis@nuncsed.edu,08 03 06 54 68,1959-12-09,109
 117,Kelly,Thaddeus,"882-9534 Risus, Road",mattis.Integer.eu@egetnisi.co.uk,01 62 54 61 30,1980-05-13,70
 118,Lillian,Rhoda,1362 Consequat Street,ut@scelerisquemollis.net,05 67 37 56 54,1988-11-09,8
 119,Nell,Avram,"P.O. Box 286, 5719 Commodo Ave",nisl@cursusa.ca,01 90 33 92 36,1966-03-17,21
 120,Kaseem,Eric,"P.O. Box 371, 5697 Eget Street",nulla.Integer.vulputate@turpis.com,04 43 64 94 78,1956-11-07,44
 121,Hiroko,Cyrus,630-1857 Mus. St.,Sed.id.risus@anteipsumprimis.org,05 84 88 01 11,2001-11-13,147
 122,Marny,Maxwell,6080 Sapien St.,justo.nec@metuseu.co.uk,04 89 09 24 69,1988-06-08,108
 123,Hayfa,Hanae,486-5705 Nunc Road,nulla@urna.ca,05 85 02 47 18,1968-11-11,34
 124,Astra,Alexander,446-2742 Mauris St.,rutrum.eu@Aliquam.co.uk,06 77 69 47 85,1986-03-30,27
 125,Basil,Chantale,"P.O. Box 239, 5403 Dolor Ave",ullamcorper@Morbivehicula.com,09 31 05 06 18,1989-07-06,103
 126,Cecilia,Holly,Ap #154-8341 Ut St.,molestie.tellus.Aenean@diamdictumsapien.com,04 04 58 56 98,1998-05-31,94
 127,Imogene,Hiram,140-1264 Quis St.,semper.erat@eratsemperrutrum.com,01 72 45 63 02,1959-08-11,36
 128,Kibo,Hayley,"P.O. Box 952, 6533 Libero St.",Quisque.nonummy.ipsum@Vestibulumuteros.edu,07 97 11 02 29,1984-05-30,96
 129,Gisela,Aileen,"P.O. Box 986, 6718 Cursus. Road",tristique.senectus@malesuadaaugue.net,06 09 73 66 85,1998-05-06,136
 130,Cleo,Devin,"P.O. Box 518, 1566 Augue. Av.",lorem.sit@necimperdiet.com,02 94 34 56 59,1956-02-14,15
 131,Justin,Branden,Ap #482-9603 Phasellus St.,eu.tellus.eu@cursusetmagna.net,06 36 99 77 40,1985-03-03,44
 132,Angela,Felix,Ap #491-6932 Vestibulum Rd.,cursus@tinciduntnuncac.com,01 86 20 37 04,1986-04-15,89
 133,Thor,Blythe,Ap #258-2875 Proin Street,interdum.Nunc.sollicitudin@id.ca,06 08 20 28 05,1999-02-04,26
 134,Leigh,Valentine,Ap #414-9854 Nulla Avenue,nisi@estNunc.net,06 69 95 33 22,1995-02-13,21
 135,Ciaran,Tasha,Ap #778-2381 Gravida Ave,facilisis.facilisis.magna@pedeet.ca,06 95 36 20 88,1980-02-22,10
 136,Lee,Rahim,933-9816 Lobortis Rd.,mauris.sapien@montes.co.uk,03 72 70 92 54,1960-02-24,95
 137,Teegan,Orson,Ap #346-6043 Pulvinar Rd.,sed.sem.egestas@enim.org,03 94 96 85 50,1958-09-14,124
 138,Suki,Cheyenne,148-7645 Scelerisque St.,tellus@netus.edu,04 65 01 91 59,1969-01-11,52
 139,Quintessa,Nell,263-1476 Felis Rd.,Nam.ac@lectus.org,04 99 80 85 03,1973-08-05,23
 140,Judith,Ciaran,3039 Ut Road,condimentum.eget.volutpat@arcu.edu,01 94 63 77 37,1999-06-07,23
 141,Althea,Alden,"5107 Dui, St.",scelerisque.mollis@fringilla.edu,04 05 40 39 64,1973-09-02,64
 142,Tamekah,Whoopi,492-8844 Eu Street,feugiat.non@sapienAeneanmassa.net,06 31 48 26 66,1991-08-29,100
 143,Xerxes,Sopoline,2090 Arcu. Av.,odio.vel.est@lectusasollicitudin.edu,08 18 00 65 31,1997-04-28,18
 144,Katell,Micah,Ap #135-9490 Et Street,tellus.eu@nibhDonecest.ca,05 11 18 74 62,2000-12-09,129
 145,Elvis,Elliott,"Ap #109-9210 Sapien, Rd.",id.mollis@nectempus.co.uk,03 12 12 94 05,1994-01-17,125
 146,Nero,Drew,"P.O. Box 907, 7218 Sem Street",odio.Nam.interdum@tinciduntnequevitae.org,09 40 84 16 11,1995-09-25,120
 147,Mia,Dominic,8684 Dictum Rd.,nec.diam@nec.org,09 70 90 25 86,1971-04-09,9
 148,Sade,Brennan,6933 Natoque Rd.,neque.vitae@fermentum.co.uk,05 66 96 15 27,1970-07-14,127
 149,Connor,Noelani,Ap #393-5022 Vestibulum Rd.,nec.ligula@tellusid.ca,03 12 97 33 86,1976-02-29,124
 150,Yetta,Palmer,121-6546 Metus St.,consectetuer.adipiscing.elit@anteVivamus.edu,05 81 56 08 78,1987-11-28,26
 151,Nicole,Selma,Ap #996-7576 Ac Avenue,fames.ac.turpis@egetmetuseu.net,07 74 51 43 11,1972-11-28,140
 152,Thor,Rinah,1672 Ante. Ave,eu@Donec.net,07 70 29 11 22,1965-10-25,142
 153,Imogene,Andrew,"P.O. Box 211, 6086 Magna Rd.",Vestibulum.ante.ipsum@Etiamimperdiet.net,02 56 71 93 40,1980-05-24,126
 154,Hilel,Dolan,"942-4628 Nostra, Ave",mus.Proin.vel@enim.co.uk,08 85 05 05 64,1982-09-13,113
 155,Hop,September,758-7813 Adipiscing Rd.,velit@Sedcongue.net,07 11 36 72 68,1992-11-03,103
 156,Ursa,Sharon,Ap #725-2743 Sociis Rd.,neque@mollisPhaselluslibero.co.uk,05 87 73 01 93,1974-12-10,101
 157,Cherokee,Hanae,"977-1238 Eget, Street",ullamcorper.velit.in@Suspendisse.ca,07 17 35 86 00,1991-06-28,103
 158,Abra,Alvin,2763 Rutrum Avenue,nec.malesuada@id.com,05 92 42 41 18,1985-06-03,144
 159,Aimee,Davis,458-2769 Vivamus Ave,massa.lobortis.ultrices@egetvenenatis.net,06 97 38 15 77,1999-06-15,35
 160,Dora,Hayes,Ap #261-7096 Egestas. Ave,a@eu.com,08 17 94 29 77,1969-01-26,57
 161,Desirae,Kuame,"P.O. Box 438, 3458 Malesuada Rd.",lacus@auctorMauris.org,04 73 72 75 65,1992-02-21,76
 162,Leandra,Ignatius,Ap #823-8192 Sed St.,consequat.auctor.nunc@penatibuset.com,07 45 13 09 28,1988-11-25,97
 163,Fuller,Armando,Ap #382-6514 Id Av.,ornare@Suspendissedui.co.uk,02 82 96 92 80,1998-09-18,145
 164,Pascale,Arden,Ap #513-5497 Cras St.,enim.nisl.elementum@metuseuerat.ca,05 79 58 63 95,1964-03-30,45
 165,Abigail,Victoria,"P.O. Box 182, 9427 Morbi Rd.",tortor.at.risus@tempordiamdictum.com,01 89 89 09 22,1993-12-04,103
 166,Ella,Willa,"P.O. Box 953, 3826 Vel St.",malesuada@lobortis.ca,09 85 23 20 18,1991-05-30,49
 167,Dustin,Angelica,"698-7752 Sem, St.",nisi.Aenean@sedturpisnec.ca,03 08 68 85 73,1986-10-27,44
 168,Daryl,Jamal,272-5590 Tristique St.,neque.sed.sem@vulputatedui.com,07 14 75 26 16,1971-03-19,77
 169,Sawyer,Carter,5368 Integer Rd.,libero.dui.nec@risusInmi.ca,05 89 72 32 86,1992-04-08,119
 170,Elton,Beau,"Ap #841-2278 Elementum, Rd.",felis.ullamcorper.viverra@felisullamcorper.net,03 87 26 29 17,1986-07-25,118
 171,Damian,Gwendolyn,Ap #406-4128 Vel Av.,cubilia.Curae@antelectusconvallis.ca,09 93 16 14 25,1982-05-24,140
 172,Justin,Prescott,"P.O. Box 340, 1817 Parturient St.",tristique.aliquet.Phasellus@Namconsequat.co.uk,04 81 67 26 03,2001-05-08,39
 173,Beau,Hanae,"P.O. Box 768, 7396 Mattis. Street",sodales.at@vitae.co.uk,02 94 38 55 35,2001-09-06,88
 174,Brock,Pandora,"P.O. Box 704, 9116 Magna. Rd.",urna.et.arcu@duilectus.com,01 53 81 66 36,1960-06-17,87
 175,Lenore,Yen,Ap #450-4170 Donec Rd.,luctus.ut.pellentesque@Nullamenim.com,07 45 80 19 26,1973-05-23,35
 176,Carl,Armand,"P.O. Box 177, 7800 Dui Road",at.nisi@Nunc.com,04 05 47 89 83,1997-01-20,119
 177,Michael,Aidan,"P.O. Box 109, 8682 Aliquet Avenue",Sed.eu.eros@quispede.co.uk,02 22 79 76 69,1981-01-21,48
 178,Len,Cullen,"P.O. Box 321, 8430 Convallis Av.",dis@gravidaAliquam.net,03 41 95 88 91,1979-01-01,103
 179,Baxter,Amela,598-2162 Velit. Av.,dolor.tempus@interdumfeugiatSed.org,08 83 62 29 33,1968-10-28,3
 180,Robert,Oprah,Ap #229-7201 Massa. Road,erat.volutpat.Nulla@pede.ca,09 46 85 44 53,1960-04-09,150
 181,Imogene,Giacomo,"P.O. Box 416, 5168 Odio. Rd.",lobortis.quam.a@ridiculusmus.ca,06 95 67 44 25,1958-08-01,85
 182,Aidan,Desirae,"P.O. Box 366, 5674 Duis Road",vitae.odio@apurusDuis.co.uk,02 08 51 08 23,1984-09-05,50
 183,Hakeem,Mariko,"P.O. Box 698, 6736 Dui. Rd.",erat.Etiam.vestibulum@ullamcorper.com,01 59 90 74 65,1989-04-22,142
 184,Brynne,Honorato,2708 Velit. Rd.,nec@Nam.net,03 19 95 14 92,1956-04-05,108
 185,Leandra,Hector,Ap #159-3444 Mi. Ave,lorem@facilisis.co.uk,01 81 06 55 15,1961-02-27,20
 186,Zia,Alfreda,Ap #764-8867 Taciti Road,enim.condimentum.eget@fermentum.ca,05 50 61 23 28,1972-12-24,32
 187,Phelan,Cameron,Ap #180-1127 Ipsum Avenue,elementum.sem.vitae@quisdiam.com,04 77 00 07 19,1962-09-02,141
 188,Jasper,Alyssa,"P.O. Box 417, 9443 Convallis Rd.",per.conubia.nostra@ut.net,01 90 64 43 92,1962-10-06,94
 189,Cora,Stewart,2847 Mollis. Street,ac.mi.eleifend@consectetuercursuset.com,08 04 89 56 16,2002-01-11,16
 190,Elizabeth,MacKenzie,7931 Ultrices. Rd.,orci.tincidunt.adipiscing@blanditcongueIn.edu,04 37 60 60 05,1956-02-27,117
 191,Jin,Jamalia,"866-1489 Placerat, Ave",magna.Phasellus@In.ca,02 36 74 72 94,1992-07-22,103
 192,Stacy,Ross,1029 Arcu St.,velit.justo@Integer.net,04 96 14 98 17,1978-12-10,54
 193,Roth,Burton,1159 Purus Rd.,Nunc.mauris@indolorFusce.ca,06 22 72 28 48,1976-08-25,100
 194,Tad,Leilani,"P.O. Box 732, 6295 Facilisis Ave",magna@Nuncquis.org,08 74 17 26 73,1981-02-15,23
 195,Yasir,Bert,"P.O. Box 367, 4575 Enim. Rd.",sit@at.co.uk,01 09 90 62 89,1971-02-14,12
 196,Edan,Mufutau,5501 Vivamus Road,eu.nibh.vulputate@euismod.net,01 67 97 36 40,1977-05-12,1
 197,Lisandra,Emily,"P.O. Box 892, 2132 Mauris Street",feugiat.metus@lacusvestibulumlorem.edu,07 48 72 55 10,1965-11-20,8
 198,Chiquita,Audra,"106-9575 Vulputate, Street",Cum.sociis@mauris.com,08 38 30 07 96,1987-05-02,40
 199,Blair,Laura,"3356 Non, Rd.",sollicitudin.orci@velitegestas.ca,08 94 42 97 16,1957-10-20,28
 200,Dane,Octavia,"7395 Ut, St.",nec.leo@nasceturridiculusmus.com,02 39 14 87 81,1974-07-14,17
